CODE,ORIGINAL CODE
,Not Found
,Not Found
,Not Found
,Not Found
,Not Found
,Not Found
,Not Found
,Not Found
,Not Found
,Not Found
,Not Found
,Not Found
,Not Found
,Not Found
,Not Found
,Not Found
,Not Found
,Not Found
,Not Found
,Not Found
,Not Found
,Not Found
,Not Found
,Not Found
,Not Found
,Not Found
,Not Found
,Not Found
,Not Found
,Not Found
,Not Found
,Not Found
,Not Found
,Not Found
,Not Found
,Not Found
,Not Found
,Not Found
,Not Found
,Not Found
,Not Found
,Not Found
,Not Found
,Not Found
,Not Found
,Not Found
,Not Found
,Not Found
,Not Found
,Not Found
,Not Found
,Not Found
,Not Found
,Not Found
,Not Found
,Not Found
,Not Found
,Not Found
,Not Found
,Not Found
,Not Found
,Not Found
,Not Found
,Not Found
,Not Found
,Not Found
,Not Found
,Not Found
,Not Found
,Not Found
,Not Found
,Not Found
,Not Found
,Not Found
,Not Found
,Not Found
,Not Found
,Not Found
,Not Found
,Not Found
,Not Found
,Not Found
,Not Found
,Not Found
,Not Found
,Not Found
,Not Found
,Not Found
,Not Found
,Not Found
,Not Found
,Not Found
,Not Found
,Not Found
,Not Found
,Not Found
,Not Found
,Not Found
,Not Found
,Not Found
,Not Found
,Not Found
,Not Found
,Not Found
