Function Name,Function Code,Tool 1,Tool 2,Choice
calculateArithmeticMeanOfFactorialSums(int n),"public static double calculateArithmeticMeanOfFactorialSums(int n) {
        long sumOfFactorialSums = 0;
        for (int i = 1; i <= n; i++) {
            long factorialSum = File2.calculateFactorialSum(i);
            sumOfFactorialSums = MathLibrary.sum((int)sumOfFactorialSums, (int)factorialSum);
        }
        return MathLibrary.divide((int)sumOfFactorialSums, n);
    }","The function `calculateArithmeticMeanOfFactorialSums(int n)` computes the arithmetic mean of the sums of factorials for integers from 1 to `n`. It iteratively calls `calculateFactorialSum(i)` to calculate the sum of factorials from 1 to `i`, accumulates these sums into `sumOfFactorialSums`, and uses `MathLibrary.sum` for adding the results. However, the function does not return or divide the accumulated sum by `n` to compute the mean; it may be incomplete.","The provided code snippet from File3.java defines a method calculateArithmeticMeanOfFactorialSums that calculates the arithmetic mean of the sums of factorials for integers from 1 to n. The method initializes a variable sumOfFactorialSums to zero, which will hold the cumulative sum of factorial sums. It then iterates from 1 to n, and for each integer i, it calculates the factorial sum using the calculateFactorialSum method from File2.java. The result is added to sumOfFactorialSums using the MathLibrary.sum method. Finally, the method returns the arithmetic mean by dividing sumOfFactorialSums by n using the MathLibrary.divide method.

The calculateFactorialSum method computes the sum of factorials for all integers from 1 to n. It initializes a variable sum to zero and iterates from 1 to n. For each integer i, it calculates the factorial using the MathLibrary.factorial method and adds it to sum using the MathLibrary.sum method. The final sum of factorials is returned.

The sum method in MathLibrary is a simple utility that takes two integers a and b and returns their sum. This method is used to perform addition operations in both calculateArithmeticMeanOfFactorialSums and calculateFactorialSum.

The divide method in MathLibrary takes two integers a and b and returns their division as a double. It includes a check to prevent division by zero, throwing an IllegalArgumentException if b is zero. This method ensures safe division operations in calculateArithmeticMeanOfFactorialSums.

Overall, these methods work together to compute the arithmetic mean of the sums of factorials for a given range of integers, utilizing helper methods for factorial calculation, addition, and division.",2
calculateHarmonicMeanOfSquares,"public static double calculateHarmonicMeanOfSquares(double[] numbers) {
        double sum = 0.0;
        for (double num : numbers) {
            double reciprocal = MathLibrary.divide(1, (int)MathLibrary.power(num, 2));
            sum = MathLibrary.sum((int)sum, (int)reciprocal);
        }
        int length = numbers.length;
        return MathLibrary.divide(length, (int)sum);
    }","The code block `calculateHarmonicMeanOfSquares` attempts to compute the harmonic mean of the squares of the input array `numbers`. For each number in the array, it calculates the square of the number, finds its reciprocal, and sums these reciprocals. However, it uses integer casting (`(int)`) for the results of the operations, which could lead to precision loss and incorrect results since the computations involve floating-point arithmetic.","The calculateHarmonicMeanOfSquares method is designed to compute the harmonic mean of the squares of a given array of numbers. The harmonic mean is a type of average, typically used when dealing with rates or ratios. In this case, the method calculates the harmonic mean of the squares of the numbers in the array.

The method starts by initializing a variable sum to 0.0. It then iterates over each number in the input array numbers. For each number, it calculates the square of the number using the MathLibrary.power method, which raises the number to the power of 2. The result is then used to compute its reciprocal by calling the MathLibrary.divide method with 1 as the numerator and the squared number as the denominator. This reciprocal value is then added to the sum using the MathLibrary.sum method.

After processing all the numbers in the array, the method calculates the length of the array and stores it in the variable length. Finally, it computes the harmonic mean by dividing the length of the array by the accumulated sum of reciprocals. This division is performed using the MathLibrary.divide method, and the result is returned as the harmonic mean of the squares of the input numbers.

The divide method in MathLibrary takes two integers as input and returns their division as a double, ensuring that division by zero is handled by throwing an IllegalArgumentException. The power method uses Math.pow to raise a base to a given exponent. The sum method simply adds two integers and returns the result. These utility methods are used within calculateHarmonicMeanOfSquares to perform the necessary mathematical operations.",2
calculateLCM,"public static double calculateLCM(int a, int b) {
        int gcd = calculateGCD(a, b);                      // GCD(a, b)
        int product = MathLibrary.multiply(a, b);          // a * b
        return MathLibrary.divide((int)product, (int)gcd);           // (a * b) / GCD(a, b)
    }","The `calculateLCM` function computes the Least Common Multiple (LCM) of two integers, `a` and `b`. It does so by:

1. Calculating the Greatest Common Divisor (GCD) of `a` and `b` using the `calculateGCD` function.
2. Multiplying the integers `a` and `b`.
3. Dividing their product by the GCD to obtain the LCM, based on the formula:  
   **LCM(a, b) = (a * b) / GCD(a, b)**.

This function leverages the `MathLibrary` for multiplication and division operations. It ensures robust and modular handling of numeric calculations, likely as part of a larger mathematical utility library.","The provided code consists of several functions that work together to calculate the Least Common Multiple (LCM) of two integers. The main function, calculateLCM, relies on the Greatest Common Divisor (GCD) to compute the LCM. The formula used is LCM(a, b) = (a * b) / GCD(a, b).

The calculateLCM function first calls calculateGCD to determine the GCD of the two input integers a and b. It then multiplies a and b using the multiply function from the MathLibrary class. Finally, it divides the product by the GCD using the divide function from the same library to obtain the LCM.

The calculateGCD function implements the Euclidean algorithm to find the GCD of two integers. It recursively calls itself with the second integer and the remainder of the division of the first integer by the second. This process continues until the second integer becomes zero, at which point the first integer is the GCD. The function uses the divide, multiply, and subtract methods from the MathLibrary class to perform the necessary arithmetic operations.

The multiply function is straightforward, simply returning the product of its two integer arguments. The divide function, on the other hand, includes a check to prevent division by zero, throwing an IllegalArgumentException if the second argument is zero. If the division is valid, it returns the result as a double.

Overall, the code demonstrates a clear and systematic approach to calculating the LCM by leveraging the GCD and basic arithmetic operations, ensuring that division by zero is handled appropriately.",1
calculateModulo,"public static int calculateModulo(int a, int b) {
        double quotient = MathLibrary.divide(a, b);
        int product = MathLibrary.multiply((int)quotient, b);
        return MathLibrary.subtract(a, product);
    }","The `calculateModulo(int a, int b)` function computes the remainder when `a` is divided by `b` without using the `%` operator. It achieves this by:

1. Dividing `a` by `b` to compute the quotient (`quotient`).
2. Multiplying the truncated quotient (cast to `int`) by `b` to get the closest divisible product.
3. Subtracting this product from `a` to calculate the remainder.

This function mimics the `%` operator and is used in contexts such as checking divisibility (`isPrime`) and modular arithmetic of factorial sums (`calculateModuloOfFactorialSum`).","The calculateModulo method in File2.java is designed to compute the modulo of two integers a and b. This method relies on three other methods from the MathLibrary class: divide, multiply, and subtract.

First, the method calls MathLibrary.divide(a, b) to perform the division of a by b. The divide method checks if b is zero to prevent division by zero, which would throw an IllegalArgumentException. If b is not zero, it returns the result of the division as a double.

Next, the calculateModulo method casts the result of the division to an int, effectively truncating any decimal portion, and then calls MathLibrary.multiply((int)quotient, b). The multiply method simply returns the product of the two integers. This step essentially reconstructs the largest multiple of b that is less than or equal to a.

Finally, the method calls MathLibrary.subtract(a, product) to subtract this product from the original integer a. The subtract method returns the difference between the two integers. The result of this subtraction is the remainder when a is divided by b, which is the definition of the modulo operation.

In summary, the calculateModulo method uses division, multiplication, and subtraction to manually compute the modulo of two integers, ensuring that the result is the remainder of the division of a by b.",1
calculateModuloOfFactorialSum,"public static int calculateModuloOfFactorialSum(int n, int b) {
        long factorialSum = File2.calculateFactorialSum(n);
        return File2.calculateModulo((int)factorialSum, b);
    }","The `calculateModuloOfFactorialSum(int n, int b)` function computes the modulo of the sum of factorials of integers from 1 to `n` by `b`. It first calculates the sum of factorials using `calculateFactorialSum(n)`, then computes the result of that sum modulo `b` using `calculateModulo(int a, int b)`. Its purpose is to combine these two calculations in a single function for utility.","The provided code defines a method calculateRootMeanSquareOfFactorials in Java, which calculates the root mean square (RMS) of the factorials of the first n natural numbers. The method starts by initializing a variable sumOfFactorials to zero. It then iterates from 1 to n, calculating the factorial of each number using the factorial method from the MathLibrary class. The factorial of a number is the product of all positive integers up to that number. The calculated factorial is then added to sumOfFactorials using the sum method from the same library, which simply adds two integers.

After the loop completes, the method calculates the mean of the factorials by dividing sumOfFactorials by n using the divide method from MathLibrary. This method checks for division by zero and returns the result as a double. Finally, the method returns the square root of the mean of the factorials using the sqrt method, which is optimized to use hardware instructions for better performance.

The factorial method computes the factorial of a given integer n. It throws an IllegalArgumentException if n is negative, as the factorial of a negative number is not defined. The method uses a loop to multiply the numbers from 1 to n, storing the result in a variable result, which is returned at the end.

The sum method is straightforward, taking two integers a and b and returning their sum. The divide method takes two integers a and b, checks if b is zero to avoid division by zero, and returns the result of the division as a double.

The sqrt method is annotated with @HotSpotIntrinsicCandidate, indicating that it is a candidate for intrinsic optimization by the JVM. It delegates the square root calculation to StrictMath.sqrt, which ensures consistent results across different platforms. The method benefits from potential hardware optimizations, making it faster than a software-based implementation.",2
calculateProductOfArithmeticSeries,"public static double calculateProductOfArithmeticSeries(int a, int d, int n) {
        double product = 1.0;
        for (int i = 1; i <= n; i++) {
            double arithmeticSeries = File1.calculateArithmeticSeries(a, d, i);
            product = MathLibrary.multiply((int)product, (int)arithmeticSeries);
        }
        return product;
    }","The function `calculateProductOfArithmeticSeries` computes the cumulative product of the first `n` terms of an arithmetic series, where `a` is the first term, `d` is the common difference, and `n` is the number of terms. 

For each term index (1 to `n`), it calculates the sum of the arithmetic series up to that term using `File1.calculateArithmeticSeries` and then multiplies it into the `product`. The intermediate operations use `MathLibrary.multiply` to ensure integer multiplication.

Functionally, this code produces the result of multiplying the partial sums of an arithmetic sequence, cumulatively, from the first term to the `n`th term.","The provided code defines a static method calculateProductOfArithmeticSeries in Java, which calculates the product of the terms in an arithmetic series. The method takes three parameters: a (the first term of the series), d (the common difference between terms), and n (the number of terms in the series).

Inside the method, a variable product is initialized to 1.0, which will hold the cumulative product of the series terms. A for loop iterates from 1 to n, inclusive, to process each term in the series. During each iteration, the method File1.calculateArithmeticSeries is called with the parameters a, d, and the current loop index i to compute the value of the i-th term in the arithmetic series.

The result of this calculation is stored in the variable arithmeticSeries. The method then calls MathLibrary.multiply, casting both product and arithmeticSeries to integers, to multiply the current product with the newly calculated term. The result of this multiplication is assigned back to product.

Finally, after the loop completes, the method returns the cumulative product of the arithmetic series terms as a double. This method relies on external methods File1.calculateArithmeticSeries and MathLibrary.multiply, which are assumed to be defined elsewhere in the project.",1
calculatePythagoreanTheorem,"public static double calculatePythagoreanTheorem(int a, int b) {
        double aSquared = MathLibrary.power(a, 2);             // a^2
        double bSquared = MathLibrary.power(b, 2);             // b^2
        int sumOfSquares = MathLibrary.sum((int)aSquared, (int)bSquared); // a^2 + b^2

        return Math.sqrt(sumOfSquares);
    }","The `calculatePythagoreanTheorem` function computes the hypotenuse of a right triangle using the Pythagorean Theorem (c = √(a² + b²)). It calculates the squares of the input arguments `a` and `b`, adds them together, and then returns the square root of the sum. The function relies on helper functions (`power` for exponentiation, `sum` for addition) to perform its calculations.","The provided code snippet is a Java method named calculatePythagoreanTheorem that calculates the hypotenuse of a right-angled triangle using the Pythagorean theorem. The method takes two integer parameters, a and b, which represent the lengths of the two perpendicular sides of the triangle.

Within the method, the first step is to calculate the square of a by calling the power method from the MathLibrary class, passing a and 2 as arguments. This method uses Math.pow to compute the power, returning the result as a double. Similarly, the square of b is calculated using the same power method.

Next, the method sums the squares of a and b by calling the sum method from the MathLibrary class. This method takes two integers as parameters and returns their sum. However, since the squares were initially calculated as doubles, they are cast to integers before being passed to the sum method. This casting might lead to a loss of precision.

Finally, the method calculates the square root of the sum of the squares using the sqrt method from the Math class, which internally delegates to StrictMath.sqrt for better performance. The result is returned as a double, representing the length of the hypotenuse.

Overall, the method demonstrates the use of basic mathematical operations and method calls to implement the Pythagorean theorem. However, it could be improved by avoiding the casting of doubles to integers, which can lead to precision loss.",1
calculateRootMeanSquareOfFactorialSums,"public static double calculateRootMeanSquareOfFactorialSums(int n) {
        long sumOfFactorialSums = 0;
        for (int i = 1; i <= n; i++) {
            long factorialSum = File2.calculateFactorialSum(i);
            sumOfFactorialSums = MathLibrary.sum((int)sumOfFactorialSums, (int)factorialSum);
        }
        double meanOfFactorialSums = MathLibrary.divide((int)sumOfFactorialSums, n);
        return Math.sqrt(meanOfFactorialSums);
    }","### Code Review - `calculateRootMeanSquareOfFactorialSums`

#### Functionality and Purpose:
The `calculateRootMeanSquareOfFactorialSums` function computes an aggregate value related to the factorial sums of integers from 1 to `n`. Specifically:
1. It iteratively calculates the sum of factorial values (`factorialSum`) for each integer `i` from 1 to `n` using the helper function `File2.calculateFactorialSum(i)`.
2. It accumulates these results in `sumOfFactorialSums` using the helper function `MathLibrary.sum` for addition.
   
**Note:** The code snippet provided is incomplete, as it seems to imply additional operations (e.g., calculating the root mean square) that were not implemented in the visible section.

#### Observations:
1. **Dependent Functions**: The code relies on external functions: `calculateFactorialSum` (sums factorials of numbers up to `i`) and `sum` (performs addition).
2. **Incomplete Logic**: The actual calculation of the root mean square (e.g., dividing by `n` and applying a square root via `divide` and `sqrt` helper functions) is missing.
3. **Potential Typecast Issues**: The repeated casting of `long` to `int` in both `MathLibrary.sum` and `File2.calculateFactorialSum` could lead to data loss for large inputs, as large factorials grow exponentially.

#### Recommendation:
- Complete the function to include the final steps of root mean square calculation.
- Avoid potential overflow by handling large values more effectively (e.g., avoid casting between `long` and `int`).","The provided code calculates the root mean square of factorial sums for a given integer n. The main function, calculateRootMeanSquareOfFactorialSums, iterates from 1 to n, calculating the factorial sum for each integer i using the calculateFactorialSum method from File2. This factorial sum is then added to a running total, sumOfFactorialSums, using the sum method from MathLibrary.

The calculateFactorialSum method computes the sum of factorials for all integers from 1 to n. It does this by iterating through each integer, calculating its factorial using the factorial method from MathLibrary, and adding this factorial to a running total, sum, again using the sum method.

The sum method is a simple utility that takes two integers and returns their sum. The divide method is another utility that divides one integer by another, returning a double. It includes a check to prevent division by zero, throwing an IllegalArgumentException if the divisor is zero.

Finally, the sqrt method calculates the square root of a given double. It uses StrictMath.sqrt for the calculation, which is often optimized by the JIT compiler to use hardware instructions for better performance.

In summary, the code calculates the root mean square of the sums of factorials by first summing the factorials for each integer up to n, then computing the mean of these sums, and finally taking the square root of this mean. The use of utility methods from MathLibrary helps keep the code modular and reusable.",1
calculateSumOfExponentialGrowths,"public static double calculateSumOfExponentialGrowths(double initialAmount, double growthRate, int n) {
        double sum = 0.0;
        for (int i = 1; i <= n; i++) {
            double exponentialGrowth = File1.calculateExponentialGrowth(initialAmount, growthRate, i);
            sum = MathLibrary.sum((int)sum, (int)exponentialGrowth);
        }
        return sum;
    }","The `calculateSumOfExponentialGrowths` function computes the cumulative sum of exponential growth values calculated for a given `initialAmount`, `growthRate`, and up to `n` iterations. For each iteration `i`, it:

1. Uses `File1.calculateExponentialGrowth` to compute the exponential growth based on `initialAmount`, `growthRate`, and `i`.
2. Adds the current growth value to the running total `sum` after casting both values (`sum` and `exponentialGrowth`) to integers, using `MathLibrary.sum`.

### Observations:
1. Casting both intermediate results to integers may lead to significant rounding errors or data loss given the use of exponential growth and double values.
2. The use of external utility functions like `MathLibrary.multiply` and `MathLibrary.sum` suggests reusable but basic mathematical operations.","The provided code consists of two main functions: calculateSumOfExponentialGrowths and calculateExponentialGrowth, along with a utility function sum. These functions are part of a Java program that calculates the sum of exponential growths over a specified number of periods.

The calculateSumOfExponentialGrowths function takes three parameters: initialAmount, growthRate, and n. It initializes a variable sum to 0.0 and iterates from 1 to n. In each iteration, it calculates the exponential growth for the current period using the calculateExponentialGrowth function and then adds this value to the running total sum using the MathLibrary.sum method. However, there is a potential issue here: both sum and exponentialGrowth are cast to integers before being added, which can lead to a loss of precision.

The calculateExponentialGrowth function computes the exponential growth for a given initialAmount, growthRate, and time. It first calculates the exponent by multiplying growthRate and time using MathLibrary.multiply. Then, it computes the exponential value using Math.exp and multiplies this value by the initialAmount using MathLibrary.multiply. This function also casts the intermediate results to integers, which can lead to inaccuracies in the calculations.

The sum function is a simple utility that takes two integers and returns their sum. This function is straightforward and does not involve any complex operations.

Overall, the code aims to calculate the sum of exponential growths over a series of periods, but the use of integer casting in the calculations can lead to significant precision loss, especially when dealing with floating-point numbers. It would be beneficial to avoid casting to integers and perform the calculations using double precision to maintain accuracy.",1
calculateSumOfTangentWaves,"public static double calculateSumOfTangentWaves(double amplitude, double frequency, int n) {
        double sum = 0.0;
        for (int i = 1; i <= n; i++) {
            double tangentWave = File1.calculateTangentWave(amplitude, frequency, i);
            sum = MathLibrary.sum((int)sum, (int)tangentWave);
        }
        return sum;
    }","### Functionality and Purpose:
The `calculateSumOfTangentWaves` function computes the cumulative sum of transformed tangent wave values for `n` iterations. It uses an external method (`File1.calculateTangentWave`) to generate individual tangent wave values based on the given amplitude, frequency, and iteration step (`i`). The sum of these values is calculated iteratively, using the `MathLibrary.sum` method at each step.

### Key Details:
- **Iteration**: Runs a loop from 1 to `n`.
- **Tangent Wave Calculation**: For each iteration, it calculates a tangent wave scaled by amplitude and frequency using `File1.calculateTangentWave`.
- **Integer Conversion**: Both the cumulative sum and tangent wave values are cast to integers before being added.
- **Purpose**: Likely used to approximate or process discrete summation of wave values for some signal processing or analysis task. However, the frequent type-casting to integers introduces potential precision loss.

### Dependencies:
- **`File1.calculateTangentWave`**: Produces tangent wave values based on mathematical transformations.
- **`MathLibrary.sum`**: Adds two integer values.","The provided code consists of two main functions: calculateSumOfTangentWaves and calculateTangentWave, along with a utility function sum. These functions are part of a Java program that performs mathematical operations involving tangent waves.

The calculateSumOfTangentWaves function is designed to compute the sum of tangent wave values over a specified number of iterations (n). It takes three parameters: amplitude, frequency, and n. The function initializes a variable sum to 0.0 and then iterates from 1 to n. In each iteration, it calls the calculateTangentWave function to compute the tangent wave value for the current iteration and adds this value to the running total sum using the MathLibrary.sum method. Finally, it returns the computed sum.

The calculateTangentWave function calculates the tangent wave value for a given amplitude, frequency, and time. It first computes the product of frequency and time using the MathLibrary.multiply method. Then, it calculates the angle by multiplying this product by 2 * PI. The tangent of this angle is computed using the Math.tan method. Finally, the function multiplies the tangent value by the amplitude and returns the result.

The sum function is a simple utility function that takes two integers a and b and returns their sum. This function is used within calculateSumOfTangentWaves to add the computed tangent wave values to the running total.

One notable aspect of the code is the use of integer casting and the MathLibrary methods for multiplication and summation. This approach may lead to precision loss, especially since the operations involve floating-point values. It would be more appropriate to perform these operations using double precision to maintain accuracy.",1
,,,,"Copilot: 3, CKE: 7"